"No";"Time (abs)";"State";"ID (hex)";"Message";"Data (hex)";"ASCII"
"260";"07:10:30.894.800";"     ";0x707;"";"00";"."
"261";"07:10:31.925.000";"     ";0x701;"";"00";"."
"262";"07:11:15.665.300";"     ";0x0;"";"82 00";"?."
"263";"07:11:15.673.000";"     ";0x701;"";"Remote Frame (DLC=1)";""
"264";"07:11:15.674.300";"     ";0x701;"";"00";"."
"265";"07:11:15.683.000";"     ";0x707;"";"Remote Frame (DLC=1)";""
"266";"07:11:15.683.300";"     ";0x707;"";"7F";""
"267";"07:11:15.702.900";"     ";0x701;"";"Remote Frame (DLC=1)";""
"268";"07:11:15.703.200";"     ";0x701;"";"7F";""
"269";"07:11:15.762.900";"     ";0x707;"";"Remote Frame (DLC=1)";""
"270";"07:11:15.763.200";"     ";0x707;"";"FF";"Ã¿"
"271";"07:11:15.773.000";"     ";0x0;"";"01 07";".."
"272";"07:11:15.783.000";"     ";0x0;"";"01 01";".."
"273";"07:11:15.903.100";"     ";0x701;"";"Remote Frame (DLC=1)";""
"274";"07:11:15.903.500";"     ";0x701;"";"85";"?"
"275";"07:11:15.963.000";"     ";0x707;"";"Remote Frame (DLC=1)";""
"276";"07:11:15.963.600";"     ";0x707;"";"05";"."
"277";"07:11:16.103.000";"     ";0x701;"";"Remote Frame (DLC=1)";""
"278";"07:11:16.103.600";"     ";0x701;"";"05";"."
"279";"07:11:16.163.000";"     ";0x707;"";"Remote Frame (DLC=1)";""
"280";"07:11:16.163.500";"     ";0x707;"";"85";"?"
"281";"07:11:16.303.000";"     ";0x701;"";"Remote Frame (DLC=1)";""
"282";"07:11:16.303.500";"     ";0x701;"";"85";"?"
"283";"07:11:16.362.900";"     ";0x707;"";"Remote Frame (DLC=1)";""
"284";"07:11:16.363.500";"     ";0x707;"";"05";"."
"285";"07:11:16.503.000";"     ";0x701;"";"Remote Frame (DLC=1)";""
"286";"07:11:16.503.600";"     ";0x701;"";"05";"."
"287";"07:11:16.563.000";"     ";0x707;"";"Remote Frame (DLC=1)";""
"288";"07:11:16.563.500";"     ";0x707;"";"85";"?"
"289";"07:11:16.703.000";"     ";0x701;"";"Remote Frame (DLC=1)";""
"290";"07:11:16.703.700";"     ";0x701;"";"85";"?"
"291";"07:11:16.762.900";"     ";0x707;"";"Remote Frame (DLC=1)";""
"292";"07:11:16.763.500";"     ";0x707;"";"05";"."
"293";"07:11:16.902.900";"     ";0x701;"";"Remote Frame (DLC=1)";""
"294";"07:11:16.903.600";"     ";0x701;"";"05";"."
"295";"07:11:16.962.900";"     ";0x707;"";"Remote Frame (DLC=1)";""
"296";"07:11:16.963.500";"     ";0x707;"";"85";"?"
"297";"07:11:17.102.900";"     ";0x701;"";"Remote Frame (DLC=1)";""
"298";"07:11:17.103.600";"     ";0x701;"";"85";"?"
"299";"07:11:17.163.000";"     ";0x707;"";"Remote Frame (DLC=1)";""
"300";"07:11:17.163.600";"     ";0x707;"";"05";"."
"301";"07:11:17.303.000";"     ";0x701;"";"Remote Frame (DLC=1)";""
"302";"07:11:17.303.700";"     ";0x701;"";"05";"."
"303";"07:11:17.363.000";"     ";0x707;"";"Remote Frame (DLC=1)";""
"304";"07:11:17.363.600";"     ";0x707;"";"85";"?"
"305";"07:11:17.502.900";"     ";0x701;"";"Remote Frame (DLC=1)";""
"306";"07:11:17.503.700";"     ";0x701;"";"85";"?"
"307";"07:11:17.562.900";"     ";0x707;"";"Remote Frame (DLC=1)";""
"308";"07:11:17.563.300";"     ";0x707;"";"05";"."
"309";"07:11:17.702.900";"     ";0x701;"";"Remote Frame (DLC=1)";""
"310";"07:11:17.703.200";"     ";0x701;"";"05";"."
"311";"07:11:17.762.900";"     ";0x707;"";"Remote Frame (DLC=1)";""
"312";"07:11:17.763.700";"     ";0x707;"";"85";"?"
"313";"07:11:17.903.000";"     ";0x701;"";"Remote Frame (DLC=1)";""
"314";"07:11:17.903.300";"     ";0x701;"";"85";"?"
"315";"07:11:17.963.000";"     ";0x707;"";"Remote Frame (DLC=1)";""
"316";"07:11:17.963.300";"     ";0x707;"";"05";"."
"317";"07:11:18.103.000";"     ";0x701;"";"Remote Frame (DLC=1)";""
"318";"07:11:18.103.700";"     ";0x701;"";"05";"."
"319";"07:11:18.152.900";"     ";0x701;"";"Remote Frame (DLC=1)";""
"320";"07:11:18.153.600";"     ";0x701;"";"85";"?"
"321";"07:11:18.162.900";"     ";0x707;"";"Remote Frame (DLC=1)";""
"322";"07:11:18.163.300";"     ";0x707;"";"85";"?"
"323";"07:11:18.352.900";"     ";0x701;"";"Remote Frame (DLC=1)";""
"324";"07:11:18.353.500";"     ";0x701;"";"05";"."
"325";"07:11:18.362.900";"     ";0x707;"";"Remote Frame (DLC=1)";""
"326";"07:11:18.363.300";"     ";0x707;"";"05";"."
"327";"07:11:18.562.800";"     ";0x701;"";"Remote Frame (DLC=1)";""
"328";"07:11:18.563.700";"     ";0x701;"";"85";"?"
"329";"07:11:18.582.900";"     ";0x707;"";"Remote Frame (DLC=1)";""
"330";"07:11:18.583.100";"     ";0x707;"";"85";"?"
"331";"07:11:18.782.800";"     ";0x701;"";"Remote Frame (DLC=1)";""
"332";"07:11:18.783.600";"     ";0x701;"";"05";"."
"333";"07:11:18.802.800";"     ";0x707;"";"Remote Frame (DLC=1)";""
"334";"07:11:18.803.100";"     ";0x707;"";"05";"."
"335";"07:11:19.002.800";"     ";0x701;"";"Remote Frame (DLC=1)";""
"336";"07:11:19.003.600";"     ";0x701;"";"85";"?"
"337";"07:11:19.023.000";"     ";0x707;"";"Remote Frame (DLC=1)";""
"338";"07:11:19.023.300";"     ";0x707;"";"85";"?"
"339";"07:11:19.222.800";"     ";0x701;"";"Remote Frame (DLC=1)";""
"340";"07:11:19.223.600";"     ";0x701;"";"05";"."
"341";"07:11:19.242.800";"     ";0x707;"";"Remote Frame (DLC=1)";""
"342";"07:11:19.243.100";"     ";0x707;"";"05";"."
"343";"07:11:19.442.800";"     ";0x701;"";"Remote Frame (DLC=1)";""
"344";"07:11:19.443.500";"     ";0x701;"";"85";"?"
"345";"07:11:19.457.000";"     ";0x707;"";"Remote Frame (DLC=1)";""
"346";"07:11:19.457.300";"     ";0x707;"";"85";"?"
"347";"07:11:19.552.800";"     ";0x701;"";"Remote Frame (DLC=1)";""
"348";"07:11:19.553.100";"     ";0x701;"";"05";"."
"349";"07:11:19.563.200";"     ";0x707;"";"Remote Frame (DLC=1)";""
"350";"07:11:19.563.700";"     ";0x707;"";"05";"."
"351";"07:11:19.752.800";"     ";0x701;"";"Remote Frame (DLC=1)";""
"352";"07:11:19.753.500";"     ";0x701;"";"85";"?"
"353";"07:11:19.762.800";"     ";0x707;"";"Remote Frame (DLC=1)";""
"354";"07:11:19.763.100";"     ";0x707;"";"85";"?"
"355";"07:11:19.952.800";"     ";0x701;"";"Remote Frame (DLC=1)";""
"356";"07:11:19.953.400";"     ";0x701;"";"05";"."
"357";"07:11:19.962.800";"     ";0x707;"";"Remote Frame (DLC=1)";""
"358";"07:11:19.963.100";"     ";0x707;"";"05";"."
"359";"07:11:20.152.800";"     ";0x701;"";"Remote Frame (DLC=1)";""
"360";"07:11:20.153.400";"     ";0x701;"";"85";"?"
"361";"07:11:20.162.700";"     ";0x707;"";"Remote Frame (DLC=1)";""
"362";"07:11:20.163.100";"     ";0x707;"";"85";"?"
"363";"07:11:20.352.800";"     ";0x701;"";"Remote Frame (DLC=1)";""
"364";"07:11:20.353.400";"     ";0x701;"";"05";"."
"365";"07:11:20.362.700";"     ";0x707;"";"Remote Frame (DLC=1)";""
"366";"07:11:20.363.100";"     ";0x707;"";"05";"."
"367";"07:11:20.552.800";"     ";0x701;"";"Remote Frame (DLC=1)";""
"368";"07:11:20.553.400";"     ";0x701;"";"85";"?"
"369";"07:11:20.562.700";"     ";0x707;"";"Remote Frame (DLC=1)";""
"370";"07:11:20.563.100";"     ";0x707;"";"85";"?"
"371";"07:11:20.752.800";"     ";0x701;"";"Remote Frame (DLC=1)";""
"372";"07:11:20.753.400";"     ";0x701;"";"05";"."
"373";"07:11:20.762.700";"     ";0x707;"";"Remote Frame (DLC=1)";""
"374";"07:11:20.763.100";"     ";0x707;"";"05";"."
"375";"07:11:20.952.800";"     ";0x701;"";"Remote Frame (DLC=1)";""
"376";"07:11:20.953.400";"     ";0x701;"";"85";"?"
"377";"07:11:20.962.800";"     ";0x707;"";"Remote Frame (DLC=1)";""
"378";"07:11:20.963.200";"     ";0x707;"";"85";"?"
"379";"07:11:21.152.800";"     ";0x701;"";"Remote Frame (DLC=1)";""
"380";"07:11:21.153.400";"     ";0x701;"";"05";"."
"381";"07:11:21.162.700";"     ";0x707;"";"Remote Frame (DLC=1)";""
"382";"07:11:21.163.100";"     ";0x707;"";"05";"."
"383";"07:11:21.352.700";"     ";0x701;"";"Remote Frame (DLC=1)";""
"384";"07:11:21.353.400";"     ";0x701;"";"85";"?"
"385";"07:11:21.362.800";"     ";0x707;"";"Remote Frame (DLC=1)";""
"386";"07:11:21.363.200";"     ";0x707;"";"85";"?"
"387";"07:11:21.552.800";"     ";0x701;"";"Remote Frame (DLC=1)";""
"388";"07:11:21.553.400";"     ";0x701;"";"05";"."
"389";"07:11:21.562.800";"     ";0x707;"";"Remote Frame (DLC=1)";""
"390";"07:11:21.563.100";"     ";0x707;"";"05";"."
"391";"07:11:21.752.700";"     ";0x701;"";"Remote Frame (DLC=1)";""
"392";"07:11:21.753.400";"     ";0x701;"";"85";"?"
"393";"07:11:21.762.800";"     ";0x707;"";"Remote Frame (DLC=1)";""
"394";"07:11:21.763.100";"     ";0x707;"";"85";"?"
"395";"07:11:21.952.700";"     ";0x701;"";"Remote Frame (DLC=1)";""
"396";"07:11:21.953.300";"     ";0x701;"";"05";"."
"397";"07:11:21.962.700";"     ";0x707;"";"Remote Frame (DLC=1)";""
"398";"07:11:21.963.000";"     ";0x707;"";"05";"."
"399";"07:11:22.152.800";"     ";0x701;"";"Remote Frame (DLC=1)";""
"400";"07:11:22.153.300";"     ";0x701;"";"85";"?"
"401";"07:11:22.162.700";"     ";0x707;"";"Remote Frame (DLC=1)";""
"402";"07:11:22.163.100";"     ";0x707;"";"85";"?"
"403";"07:11:22.352.800";"     ";0x701;"";"Remote Frame (DLC=1)";""
"404";"07:11:22.353.400";"     ";0x701;"";"05";"."
"405";"07:11:22.362.700";"     ";0x707;"";"Remote Frame (DLC=1)";""
"406";"07:11:22.363.100";"     ";0x707;"";"05";"."
"407";"07:11:22.552.700";"     ";0x701;"";"Remote Frame (DLC=1)";""
"408";"07:11:22.553.400";"     ";0x701;"";"85";"?"
"409";"07:11:22.562.700";"     ";0x707;"";"Remote Frame (DLC=1)";""
"410";"07:11:22.563.300";"     ";0x707;"";"85";"?"
"411";"07:11:22.752.700";"     ";0x701;"";"Remote Frame (DLC=1)";""
"412";"07:11:22.753.400";"     ";0x701;"";"05";"."
"413";"07:11:22.762.700";"     ";0x707;"";"Remote Frame (DLC=1)";""
"414";"07:11:22.763.100";"     ";0x707;"";"05";"."
"415";"07:11:22.952.600";"     ";0x701;"";"Remote Frame (DLC=1)";""
"416";"07:11:22.953.400";"     ";0x701;"";"85";"?"
"417";"07:11:22.962.600";"     ";0x707;"";"Remote Frame (DLC=1)";""
"418";"07:11:22.963.200";"     ";0x707;"";"85";"?"
"419";"07:11:23.152.600";"     ";0x701;"";"Remote Frame (DLC=1)";""
"420";"07:11:23.153.400";"     ";0x701;"";"05";"."
"421";"07:11:23.162.600";"     ";0x707;"";"Remote Frame (DLC=1)";""
"422";"07:11:23.163.200";"     ";0x707;"";"05";"."
"423";"07:11:23.352.600";"     ";0x701;"";"Remote Frame (DLC=1)";""
"424";"07:11:23.352.900";"     ";0x701;"";"85";"?"
"425";"07:11:23.362.700";"     ";0x707;"";"Remote Frame (DLC=1)";""
"426";"07:11:23.363.200";"     ";0x707;"";"85";"?"
"427";"07:11:23.552.700";"     ";0x701;"";"Remote Frame (DLC=1)";""
"428";"07:11:23.553.500";"     ";0x701;"";"05";"."
"429";"07:11:23.562.700";"     ";0x707;"";"Remote Frame (DLC=1)";""
"430";"07:11:23.563.300";"     ";0x707;"";"05";"."
"431";"07:11:23.752.600";"     ";0x701;"";"Remote Frame (DLC=1)";""
"432";"07:11:23.752.900";"     ";0x701;"";"85";"?"
"433";"07:11:23.762.600";"     ";0x707;"";"Remote Frame (DLC=1)";""
"434";"07:11:23.762.900";"     ";0x707;"";"85";"?"
"435";"07:11:23.952.600";"     ";0x701;"";"Remote Frame (DLC=1)";""
"436";"07:11:23.952.900";"     ";0x701;"";"05";"."
"437";"07:11:23.962.500";"     ";0x707;"";"Remote Frame (DLC=1)";""
"438";"07:11:23.962.900";"     ";0x707;"";"05";"."
"439";"07:11:24.152.700";"     ";0x701;"";"Remote Frame (DLC=1)";""
"440";"07:11:24.153.500";"     ";0x701;"";"85";"?"
"441";"07:11:24.162.600";"     ";0x707;"";"Remote Frame (DLC=1)";""
"442";"07:11:24.163.200";"     ";0x707;"";"85";"?"
"443";"07:11:24.352.500";"     ";0x701;"";"Remote Frame (DLC=1)";""
"444";"07:11:24.352.800";"     ";0x701;"";"05";"."
"445";"07:11:24.362.600";"     ";0x707;"";"Remote Frame (DLC=1)";""
"446";"07:11:24.362.900";"     ";0x707;"";"05";"."
"447";"07:11:24.552.600";"     ";0x701;"";"Remote Frame (DLC=1)";""
"448";"07:11:24.552.900";"     ";0x701;"";"85";"?"
"449";"07:11:24.562.500";"     ";0x707;"";"Remote Frame (DLC=1)";""
"450";"07:11:24.562.900";"     ";0x707;"";"85";"?"
"451";"07:11:24.752.600";"     ";0x701;"";"Remote Frame (DLC=1)";""
"452";"07:11:24.753.500";"     ";0x701;"";"05";"."
"453";"07:11:24.762.500";"     ";0x707;"";"Remote Frame (DLC=1)";""
"454";"07:11:24.762.900";"     ";0x707;"";"05";"."
"455";"07:11:24.952.500";"     ";0x701;"";"Remote Frame (DLC=1)";""
"456";"07:11:24.952.800";"     ";0x701;"";"85";"?"
"457";"07:11:24.962.500";"     ";0x707;"";"Remote Frame (DLC=1)";""
"458";"07:11:24.962.900";"     ";0x707;"";"85";"?"
"459";"07:11:25.152.500";"     ";0x701;"";"Remote Frame (DLC=1)";""
"460";"07:11:25.153.300";"     ";0x701;"";"05";"."
"461";"07:11:25.162.500";"     ";0x707;"";"Remote Frame (DLC=1)";""
"462";"07:11:25.163.000";"     ";0x707;"";"05";"."
"463";"07:11:25.352.600";"     ";0x701;"";"Remote Frame (DLC=1)";""
"464";"07:11:25.353.300";"     ";0x701;"";"85";"?"
"465";"07:11:25.362.600";"     ";0x707;"";"Remote Frame (DLC=1)";""
"466";"07:11:25.363.100";"     ";0x707;"";"85";"?"
"467";"07:11:25.552.500";"     ";0x701;"";"Remote Frame (DLC=1)";""
"468";"07:11:25.553.300";"     ";0x701;"";"05";"."
"469";"07:11:25.562.500";"     ";0x707;"";"Remote Frame (DLC=1)";""
"470";"07:11:25.563.000";"     ";0x707;"";"05";"."
"471";"07:11:25.752.500";"     ";0x701;"";"Remote Frame (DLC=1)";""
"472";"07:11:25.753.300";"     ";0x701;"";"85";"?"
"473";"07:11:25.762.500";"     ";0x707;"";"Remote Frame (DLC=1)";""
"474";"07:11:25.763.000";"     ";0x707;"";"85";"?"
"475";"07:11:25.952.600";"     ";0x701;"";"Remote Frame (DLC=1)";""
"476";"07:11:25.953.300";"     ";0x701;"";"05";"."
"477";"07:11:25.962.500";"     ";0x707;"";"Remote Frame (DLC=1)";""
"478";"07:11:25.963.000";"     ";0x707;"";"05";"."
"479";"07:11:26.152.500";"     ";0x701;"";"Remote Frame (DLC=1)";""
"480";"07:11:26.153.300";"     ";0x701;"";"85";"?"
"481";"07:11:26.162.500";"     ";0x707;"";"Remote Frame (DLC=1)";""
"482";"07:11:26.163.000";"     ";0x707;"";"85";"?"
"483";"07:11:26.352.400";"     ";0x701;"";"Remote Frame (DLC=1)";""
"484";"07:11:26.353.200";"     ";0x701;"";"05";"."
"485";"07:11:26.362.300";"     ";0x707;"";"Remote Frame (DLC=1)";""
"486";"07:11:26.362.900";"     ";0x707;"";"05";"."
"487";"07:11:26.552.400";"     ";0x701;"";"Remote Frame (DLC=1)";""
"488";"07:11:26.553.200";"     ";0x701;"";"85";"?"
"489";"07:11:26.562.400";"     ";0x707;"";"Remote Frame (DLC=1)";""
"490";"07:11:26.562.900";"     ";0x707;"";"85";"?"
"491";"07:11:26.752.400";"     ";0x701;"";"Remote Frame (DLC=1)";""
"492";"07:11:26.753.200";"     ";0x701;"";"05";"."
"493";"07:11:26.762.300";"     ";0x707;"";"Remote Frame (DLC=1)";""
"494";"07:11:26.762.900";"     ";0x707;"";"05";"."
"495";"07:11:26.952.300";"     ";0x701;"";"Remote Frame (DLC=1)";""
"496";"07:11:26.953.100";"     ";0x701;"";"85";"?"
"497";"07:11:26.962.300";"     ";0x707;"";"Remote Frame (DLC=1)";""
"498";"07:11:26.962.800";"     ";0x707;"";"85";"?"
"499";"07:11:27.152.400";"     ";0x701;"";"Remote Frame (DLC=1)";""
"500";"07:11:27.153.100";"     ";0x701;"";"05";"."
"501";"07:11:27.162.300";"     ";0x707;"";"Remote Frame (DLC=1)";""
"502";"07:11:27.162.900";"     ";0x707;"";"05";"."
"503";"07:11:27.352.300";"     ";0x701;"";"Remote Frame (DLC=1)";""
"504";"07:11:27.353.100";"     ";0x701;"";"85";"?"
"505";"07:11:27.362.300";"     ";0x707;"";"Remote Frame (DLC=1)";""
"506";"07:11:27.362.700";"     ";0x707;"";"85";"?"
"507";"07:11:27.552.300";"     ";0x701;"";"Remote Frame (DLC=1)";""
"508";"07:11:27.553.000";"     ";0x701;"";"05";"."
"509";"07:11:27.562.300";"     ";0x707;"";"Remote Frame (DLC=1)";""
"510";"07:11:27.562.700";"     ";0x707;"";"05";"."
"511";"07:11:27.752.300";"     ";0x701;"";"Remote Frame (DLC=1)";""
"512";"07:11:27.753.000";"     ";0x701;"";"85";"?"
"513";"07:11:27.762.300";"     ";0x707;"";"Remote Frame (DLC=1)";""
"514";"07:11:27.762.900";"     ";0x707;"";"85";"?"
"515";"07:11:27.952.400";"     ";0x701;"";"Remote Frame (DLC=1)";""
"516";"07:11:27.953.000";"     ";0x701;"";"05";"."
"517";"07:11:27.962.300";"     ";0x707;"";"Remote Frame (DLC=1)";""
"518";"07:11:27.962.700";"     ";0x707;"";"05";"."
"519";"07:11:28.152.200";"     ";0x701;"";"Remote Frame (DLC=1)";""
"520";"07:11:28.153.000";"     ";0x701;"";"85";"?"
"521";"07:11:28.162.200";"     ";0x707;"";"Remote Frame (DLC=1)";""
"522";"07:11:28.162.800";"     ";0x707;"";"85";"?"
"523";"07:11:28.352.200";"     ";0x701;"";"Remote Frame (DLC=1)";""
"524";"07:11:28.352.900";"     ";0x701;"";"05";"."
"525";"07:11:28.362.200";"     ";0x707;"";"Remote Frame (DLC=1)";""
"526";"07:11:28.362.600";"     ";0x707;"";"05";"."
"527";"07:11:28.552.300";"     ";0x701;"";"Remote Frame (DLC=1)";""
"528";"07:11:28.552.900";"     ";0x701;"";"85";"?"
"529";"07:11:28.562.300";"     ";0x707;"";"Remote Frame (DLC=1)";""
"530";"07:11:28.562.600";"     ";0x707;"";"85";"?"
"531";"07:11:28.752.300";"     ";0x701;"";"Remote Frame (DLC=1)";""
"532";"07:11:28.752.800";"     ";0x701;"";"05";"."
"533";"07:11:28.762.200";"     ";0x707;"";"Remote Frame (DLC=1)";""
"534";"07:11:28.762.600";"     ";0x707;"";"05";"."
"535";"07:11:28.952.200";"     ";0x701;"";"Remote Frame (DLC=1)";""
"536";"07:11:28.952.900";"     ";0x701;"";"85";"?"
"537";"07:11:28.962.200";"     ";0x707;"";"Remote Frame (DLC=1)";""
"538";"07:11:28.962.500";"     ";0x707;"";"85";"?"
"539";"07:11:29.152.200";"     ";0x701;"";"Remote Frame (DLC=1)";""
"540";"07:11:29.152.800";"     ";0x701;"";"05";"."
"541";"07:11:29.162.200";"     ";0x707;"";"Remote Frame (DLC=1)";""
"542";"07:11:29.162.500";"     ";0x707;"";"05";"."
"543";"07:11:29.352.200";"     ";0x701;"";"Remote Frame (DLC=1)";""
"544";"07:11:29.352.800";"     ";0x701;"";"85";"?"
"545";"07:11:29.362.200";"     ";0x707;"";"Remote Frame (DLC=1)";""
"546";"07:11:29.362.600";"     ";0x707;"";"85";"?"
"547";"07:11:29.552.200";"     ";0x701;"";"Remote Frame (DLC=1)";""
"548";"07:11:29.552.800";"     ";0x701;"";"05";"."
"549";"07:11:29.562.200";"     ";0x707;"";"Remote Frame (DLC=1)";""
"550";"07:11:29.562.500";"     ";0x707;"";"05";"."
"551";"07:11:29.752.200";"     ";0x701;"";"Remote Frame (DLC=1)";""
"552";"07:11:29.752.800";"     ";0x701;"";"85";"?"
"553";"07:11:29.762.100";"     ";0x707;"";"Remote Frame (DLC=1)";""
"554";"07:11:29.762.600";"     ";0x707;"";"85";"?"
"555";"07:11:29.952.200";"     ";0x701;"";"Remote Frame (DLC=1)";""
"556";"07:11:29.952.800";"     ";0x701;"";"05";"."
"557";"07:11:29.962.200";"     ";0x707;"";"Remote Frame (DLC=1)";""
"558";"07:11:29.962.600";"     ";0x707;"";"05";"."
"559";"07:11:30.152.100";"     ";0x701;"";"Remote Frame (DLC=1)";""
"560";"07:11:30.152.700";"     ";0x701;"";"85";"?"
"561";"07:11:30.162.100";"     ";0x707;"";"Remote Frame (DLC=1)";""
"562";"07:11:30.162.500";"     ";0x707;"";"85";"?"
"563";"07:11:30.352.100";"     ";0x701;"";"Remote Frame (DLC=1)";""
"564";"07:11:30.352.700";"     ";0x701;"";"05";"."
"565";"07:11:30.362.100";"     ";0x707;"";"Remote Frame (DLC=1)";""
"566";"07:11:30.362.500";"     ";0x707;"";"05";"."
"567";"07:11:30.552.100";"     ";0x701;"";"Remote Frame (DLC=1)";""
"568";"07:11:30.552.700";"     ";0x701;"";"85";"?"
"569";"07:11:30.562.100";"     ";0x707;"";"Remote Frame (DLC=1)";""
"570";"07:11:30.562.500";"     ";0x707;"";"85";"?"
"571";"07:11:30.752.200";"     ";0x701;"";"Remote Frame (DLC=1)";""
"572";"07:11:30.752.600";"     ";0x701;"";"05";"."
"573";"07:11:30.762.200";"     ";0x707;"";"Remote Frame (DLC=1)";""
"574";"07:11:30.762.500";"     ";0x707;"";"05";"."
"575";"07:11:30.952.200";"     ";0x701;"";"Remote Frame (DLC=1)";""
"576";"07:11:30.952.600";"     ";0x701;"";"85";"?"
"577";"07:11:30.962.200";"     ";0x707;"";"Remote Frame (DLC=1)";""
"578";"07:11:30.962.500";"     ";0x707;"";"85";"?"
"579";"07:11:31.152.100";"     ";0x701;"";"Remote Frame (DLC=1)";""
"580";"07:11:31.152.600";"     ";0x701;"";"05";"."
"581";"07:11:31.162.100";"     ";0x707;"";"Remote Frame (DLC=1)";""
"582";"07:11:31.162.400";"     ";0x707;"";"05";"."
"583";"07:11:31.352.100";"     ";0x701;"";"Remote Frame (DLC=1)";""
"584";"07:11:31.352.600";"     ";0x701;"";"85";"?"
"585";"07:11:31.362.100";"     ";0x707;"";"Remote Frame (DLC=1)";""
"586";"07:11:31.362.500";"     ";0x707;"";"85";"?"
"587";"07:11:31.552.100";"     ";0x701;"";"Remote Frame (DLC=1)";""
"588";"07:11:31.552.600";"     ";0x701;"";"05";"."
"589";"07:11:31.562.100";"     ";0x707;"";"Remote Frame (DLC=1)";""
"590";"07:11:31.562.500";"     ";0x707;"";"05";"."
"591";"07:11:31.752.100";"     ";0x701;"";"Remote Frame (DLC=1)";""
"592";"07:11:31.752.600";"     ";0x701;"";"85";"?"
"593";"07:11:31.762.100";"     ";0x707;"";"Remote Frame (DLC=1)";""
"594";"07:11:31.762.400";"     ";0x707;"";"85";"?"
"595";"07:11:31.952.100";"     ";0x701;"";"Remote Frame (DLC=1)";""
"596";"07:11:31.952.500";"     ";0x701;"";"05";"."
"597";"07:11:31.962.000";"     ";0x707;"";"Remote Frame (DLC=1)";""
"598";"07:11:31.962.400";"     ";0x707;"";"05";"."
"599";"07:11:32.152.100";"     ";0x701;"";"Remote Frame (DLC=1)";""
"600";"07:11:32.152.500";"     ";0x701;"";"85";"?"
"601";"07:11:32.162.100";"     ";0x707;"";"Remote Frame (DLC=1)";""
"602";"07:11:32.162.500";"     ";0x707;"";"85";"?"
"603";"07:11:32.352.000";"     ";0x701;"";"Remote Frame (DLC=1)";""
"604";"07:11:32.352.500";"     ";0x701;"";"05";"."
"605";"07:11:32.362.000";"     ";0x707;"";"Remote Frame (DLC=1)";""
"606";"07:11:32.362.400";"     ";0x707;"";"05";"."
"607";"07:11:32.552.000";"     ";0x701;"";"Remote Frame (DLC=1)";""
"608";"07:11:32.552.500";"     ";0x701;"";"85";"?"
"609";"07:11:32.562.000";"     ";0x707;"";"Remote Frame (DLC=1)";""
"610";"07:11:32.562.400";"     ";0x707;"";"85";"?"
"611";"07:11:32.752.100";"     ";0x701;"";"Remote Frame (DLC=1)";""
"612";"07:11:32.752.600";"     ";0x701;"";"05";"."
"613";"07:11:32.762.000";"     ";0x707;"";"Remote Frame (DLC=1)";""
"614";"07:11:32.762.400";"     ";0x707;"";"05";"."
"615";"07:11:32.951.900";"     ";0x701;"";"Remote Frame (DLC=1)";""
"616";"07:11:32.952.500";"     ";0x701;"";"85";"?"
"617";"07:11:32.961.900";"     ";0x707;"";"Remote Frame (DLC=1)";""
"618";"07:11:32.962.200";"     ";0x707;"";"85";"?"
"619";"07:11:33.151.900";"     ";0x701;"";"Remote Frame (DLC=1)";""
"620";"07:11:33.152.500";"     ";0x701;"";"05";"."
"621";"07:11:33.161.900";"     ";0x707;"";"Remote Frame (DLC=1)";""
"622";"07:11:33.162.200";"     ";0x707;"";"05";"."
"623";"07:11:33.351.900";"     ";0x701;"";"Remote Frame (DLC=1)";""
"624";"07:11:33.352.500";"     ";0x701;"";"85";"?"
"625";"07:11:33.361.900";"     ";0x707;"";"Remote Frame (DLC=1)";""
"626";"07:11:33.362.300";"     ";0x707;"";"85";"?"
"627";"07:11:33.551.900";"     ";0x701;"";"Remote Frame (DLC=1)";""
"628";"07:11:33.552.500";"     ";0x701;"";"05";"."
"629";"07:11:33.561.800";"     ";0x707;"";"Remote Frame (DLC=1)";""
"630";"07:11:33.562.200";"     ";0x707;"";"05";"."
"631";"07:11:33.751.900";"     ";0x701;"";"Remote Frame (DLC=1)";""
"632";"07:11:33.752.600";"     ";0x701;"";"85";"?"
"633";"07:11:33.761.900";"     ";0x707;"";"Remote Frame (DLC=1)";""
"634";"07:11:33.762.400";"     ";0x707;"";"85";"?"
"635";"07:11:33.952.000";"     ";0x701;"";"Remote Frame (DLC=1)";""
"636";"07:11:33.952.500";"     ";0x701;"";"05";"."
"637";"07:11:33.961.900";"     ";0x707;"";"Remote Frame (DLC=1)";""
"638";"07:11:33.962.300";"     ";0x707;"";"05";"."
"639";"07:11:34.151.800";"     ";0x701;"";"Remote Frame (DLC=1)";""
"640";"07:11:34.152.500";"     ";0x701;"";"85";"?"
"641";"07:11:34.161.800";"     ";0x707;"";"Remote Frame (DLC=1)";""
"642";"07:11:34.162.200";"     ";0x707;"";"85";"?"
"643";"07:11:34.361.800";"     ";0x701;"";"Remote Frame (DLC=1)";""
"644";"07:11:34.362.100";"     ";0x701;"";"05";"."
"645";"07:11:34.371.800";"     ";0x707;"";"Remote Frame (DLC=1)";""
"646";"07:11:34.372.200";"     ";0x707;"";"05";"."
"647";"07:11:34.561.900";"     ";0x701;"";"Remote Frame (DLC=1)";""
"648";"07:11:34.562.700";"     ";0x701;"";"85";"?"
"649";"07:11:34.571.800";"     ";0x707;"";"Remote Frame (DLC=1)";""
"650";"07:11:34.572.500";"     ";0x707;"";"85";"?"
"651";"07:11:34.771.800";"     ";0x701;"";"Remote Frame (DLC=1)";""
"652";"07:11:34.772.100";"     ";0x701;"";"05";"."
"653";"07:11:34.781.800";"     ";0x707;"";"Remote Frame (DLC=1)";""
"654";"07:11:34.782.200";"     ";0x707;"";"05";"."
"655";"07:11:34.971.800";"     ";0x701;"";"Remote Frame (DLC=1)";""
"656";"07:11:34.972.100";"     ";0x701;"";"85";"?"
"657";"07:11:34.981.800";"     ";0x707;"";"Remote Frame (DLC=1)";""
"658";"07:11:34.982.200";"     ";0x707;"";"85";"?"
"659";"07:11:35.171.800";"     ";0x701;"";"Remote Frame (DLC=1)";""
"660";"07:11:35.172.100";"     ";0x701;"";"05";"."
"661";"07:11:35.181.800";"     ";0x707;"";"Remote Frame (DLC=1)";""
"662";"07:11:35.182.200";"     ";0x707;"";"05";"."
"663";"07:11:35.371.900";"     ";0x701;"";"Remote Frame (DLC=1)";""
"664";"07:11:35.372.100";"     ";0x701;"";"85";"?"
"665";"07:11:35.391.800";"     ";0x707;"";"Remote Frame (DLC=1)";""
"666";"07:11:35.392.100";"     ";0x707;"";"85";"?"
"667";"07:11:35.581.700";"     ";0x701;"";"Remote Frame (DLC=1)";""
"668";"07:11:35.582.200";"     ";0x701;"";"05";"."
"669";"07:11:35.591.800";"     ";0x707;"";"Remote Frame (DLC=1)";""
"670";"07:11:35.592.100";"     ";0x707;"";"05";"."
"671";"07:11:35.781.800";"     ";0x701;"";"Remote Frame (DLC=1)";""
"672";"07:11:35.782.300";"     ";0x701;"";"85";"?"
"673";"07:11:35.791.800";"     ";0x707;"";"Remote Frame (DLC=1)";""
"674";"07:11:35.792.200";"     ";0x707;"";"85";"?"
"675";"07:11:35.981.800";"     ";0x701;"";"Remote Frame (DLC=1)";""
"676";"07:11:35.982.300";"     ";0x701;"";"05";"."
"677";"07:11:35.991.800";"     ";0x707;"";"Remote Frame (DLC=1)";""
"678";"07:11:35.992.200";"     ";0x707;"";"05";"."
"679";"07:11:36.181.700";"     ";0x701;"";"Remote Frame (DLC=1)";""
"680";"07:11:36.182.300";"     ";0x701;"";"85";"?"
"681";"07:11:36.201.700";"     ";0x707;"";"Remote Frame (DLC=1)";""
"682";"07:11:36.202.300";"     ";0x707;"";"85";"?"
"683";"07:11:36.381.700";"     ";0x701;"";"Remote Frame (DLC=1)";""
"684";"07:11:36.382.300";"     ";0x701;"";"05";"."
"685";"07:11:36.401.700";"     ";0x707;"";"Remote Frame (DLC=1)";""
"686";"07:11:36.402.300";"     ";0x707;"";"05";"."
"687";"07:11:36.581.800";"     ";0x701;"";"Remote Frame (DLC=1)";""
"688";"07:11:36.582.300";"     ";0x701;"";"85";"?"
"689";"07:11:36.601.700";"     ";0x707;"";"Remote Frame (DLC=1)";""
"690";"07:11:36.602.200";"     ";0x707;"";"85";"?"
"691";"07:11:36.781.700";"     ";0x701;"";"Remote Frame (DLC=1)";""
"692";"07:11:36.782.300";"     ";0x701;"";"05";"."
"693";"07:11:36.801.700";"     ";0x707;"";"Remote Frame (DLC=1)";""
"694";"07:11:36.802.200";"     ";0x707;"";"05";"."
"695";"07:11:36.981.700";"     ";0x701;"";"Remote Frame (DLC=1)";""
"696";"07:11:36.982.200";"     ";0x701;"";"85";"?"
"697";"07:11:37.001.700";"     ";0x707;"";"Remote Frame (DLC=1)";""
"698";"07:11:37.002.100";"     ";0x707;"";"85";"?"
"699";"07:11:37.181.700";"     ";0x701;"";"Remote Frame (DLC=1)";""
"700";"07:11:37.182.300";"     ";0x701;"";"05";"."
"701";"07:11:37.201.600";"     ";0x707;"";"Remote Frame (DLC=1)";""
"702";"07:11:37.202.000";"     ";0x707;"";"05";"."
"703";"07:11:37.381.600";"     ";0x701;"";"Remote Frame (DLC=1)";""
"704";"07:11:37.382.400";"     ";0x701;"";"85";"?"
"705";"07:11:37.401.700";"     ";0x707;"";"Remote Frame (DLC=1)";""
"706";"07:11:37.402.300";"     ";0x707;"";"85";"?"
"707";"07:11:37.581.700";"     ";0x701;"";"Remote Frame (DLC=1)";""
"708";"07:11:37.582.400";"     ";0x701;"";"05";"."
"709";"07:11:37.601.700";"     ";0x707;"";"Remote Frame (DLC=1)";""
"710";"07:11:37.602.400";"     ";0x707;"";"05";"."
"711";"07:11:37.781.700";"     ";0x701;"";"Remote Frame (DLC=1)";""
"712";"07:11:37.782.300";"     ";0x701;"";"85";"?"
"713";"07:11:37.801.700";"     ";0x707;"";"Remote Frame (DLC=1)";""
"714";"07:11:37.802.200";"     ";0x707;"";"85";"?"
"715";"07:11:37.981.600";"     ";0x701;"";"Remote Frame (DLC=1)";""
"716";"07:11:37.982.300";"     ";0x701;"";"05";"."
"717";"07:11:38.001.600";"     ";0x707;"";"Remote Frame (DLC=1)";""
"718";"07:11:38.002.200";"     ";0x707;"";"05";"."
"719";"07:11:38.181.600";"     ";0x701;"";"Remote Frame (DLC=1)";""
"720";"07:11:38.182.300";"     ";0x701;"";"85";"?"
"721";"07:11:38.201.600";"     ";0x707;"";"Remote Frame (DLC=1)";""
"722";"07:11:38.202.200";"     ";0x707;"";"85";"?"
"723";"07:11:38.381.600";"     ";0x701;"";"Remote Frame (DLC=1)";""
"724";"07:11:38.382.300";"     ";0x701;"";"05";"."
"725";"07:11:38.401.700";"     ";0x707;"";"Remote Frame (DLC=1)";""
"726";"07:11:38.402.200";"     ";0x707;"";"05";"."
"727";"07:11:38.581.700";"     ";0x701;"";"Remote Frame (DLC=1)";""
"728";"07:11:38.582.300";"     ";0x701;"";"85";"?"
"729";"07:11:38.601.600";"     ";0x707;"";"Remote Frame (DLC=1)";""
"730";"07:11:38.602.200";"     ";0x707;"";"85";"?"
"731";"07:11:38.781.600";"     ";0x701;"";"Remote Frame (DLC=1)";""
"732";"07:11:38.782.200";"     ";0x701;"";"05";"."
"733";"07:11:38.801.600";"     ";0x707;"";"Remote Frame (DLC=1)";""
"734";"07:11:38.802.100";"     ";0x707;"";"05";"."
"735";"07:11:38.981.600";"     ";0x701;"";"Remote Frame (DLC=1)";""
"736";"07:11:38.982.200";"     ";0x701;"";"85";"?"
"737";"07:11:39.001.500";"     ";0x707;"";"Remote Frame (DLC=1)";""
"738";"07:11:39.002.100";"     ";0x707;"";"85";"?"
"739";"07:11:39.181.600";"     ";0x701;"";"Remote Frame (DLC=1)";""
"740";"07:11:39.182.200";"     ";0x701;"";"05";"."
"741";"07:11:39.201.600";"     ";0x707;"";"Remote Frame (DLC=1)";""
"742";"07:11:39.202.200";"     ";0x707;"";"05";"."
"743";"07:11:39.381.500";"     ";0x701;"";"Remote Frame (DLC=1)";""
"744";"07:11:39.382.200";"     ";0x701;"";"85";"?"
"745";"07:11:39.401.500";"     ";0x707;"";"Remote Frame (DLC=1)";""
"746";"07:11:39.402.100";"     ";0x707;"";"85";"?"
"747";"07:11:39.581.500";"     ";0x701;"";"Remote Frame (DLC=1)";""
"748";"07:11:39.582.100";"     ";0x701;"";"05";"."
"749";"07:11:39.601.400";"     ";0x707;"";"Remote Frame (DLC=1)";""
"750";"07:11:39.602.000";"     ";0x707;"";"05";"."
"751";"07:11:39.781.500";"     ";0x701;"";"Remote Frame (DLC=1)";""
"752";"07:11:39.782.100";"     ";0x701;"";"85";"?"
"753";"07:11:39.801.500";"     ";0x707;"";"Remote Frame (DLC=1)";""
"754";"07:11:39.802.000";"     ";0x707;"";"85";"?"
"755";"07:11:39.981.400";"     ";0x701;"";"Remote Frame (DLC=1)";""
"756";"07:11:39.982.000";"     ";0x701;"";"05";"."
"757";"07:11:40.001.400";"     ";0x707;"";"Remote Frame (DLC=1)";""
"758";"07:11:40.002.000";"     ";0x707;"";"05";"."
"759";"07:11:40.181.400";"     ";0x701;"";"Remote Frame (DLC=1)";""
"760";"07:11:40.182.000";"     ";0x701;"";"85";"?"
"761";"07:11:40.201.400";"     ";0x707;"";"Remote Frame (DLC=1)";""
"762";"07:11:40.202.000";"     ";0x707;"";"85";"?"
"763";"07:11:40.381.400";"     ";0x701;"";"Remote Frame (DLC=1)";""
"764";"07:11:40.381.900";"     ";0x701;"";"05";"."
"765";"07:11:40.401.500";"     ";0x707;"";"Remote Frame (DLC=1)";""
"766";"07:11:40.401.900";"     ";0x707;"";"05";"."
"767";"07:11:40.581.500";"     ";0x701;"";"Remote Frame (DLC=1)";""
"768";"07:11:40.582.000";"     ";0x701;"";"85";"?"
"769";"07:11:40.601.400";"     ";0x707;"";"Remote Frame (DLC=1)";""
"770";"07:11:40.601.800";"     ";0x707;"";"85";"?"
"771";"07:11:40.781.400";"     ";0x701;"";"Remote Frame (DLC=1)";""
"772";"07:11:40.781.900";"     ";0x701;"";"05";"."
"773";"07:11:40.801.400";"     ";0x707;"";"Remote Frame (DLC=1)";""
"774";"07:11:40.801.800";"     ";0x707;"";"05";"."
"775";"07:11:40.981.400";"     ";0x701;"";"Remote Frame (DLC=1)";""
"776";"07:11:40.981.800";"     ";0x701;"";"85";"?"
"777";"07:11:41.001.400";"     ";0x707;"";"Remote Frame (DLC=1)";""
"778";"07:11:41.001.800";"     ";0x707;"";"85";"?"
"779";"07:11:41.181.400";"     ";0x701;"";"Remote Frame (DLC=1)";""
"780";"07:11:41.181.800";"     ";0x701;"";"05";"."
"781";"07:11:41.201.400";"     ";0x707;"";"Remote Frame (DLC=1)";""
"782";"07:11:41.201.700";"     ";0x707;"";"05";"."
"783";"07:11:41.381.300";"     ";0x701;"";"Remote Frame (DLC=1)";""
"784";"07:11:41.381.700";"     ";0x701;"";"85";"?"
"785";"07:11:41.401.300";"     ";0x707;"";"Remote Frame (DLC=1)";""
"786";"07:11:41.401.700";"     ";0x707;"";"85";"?"
"787";"07:11:41.581.300";"     ";0x701;"";"Remote Frame (DLC=1)";""
"788";"07:11:41.581.700";"     ";0x701;"";"05";"."
"789";"07:11:41.601.300";"     ";0x707;"";"Remote Frame (DLC=1)";""
"790";"07:11:41.601.700";"     ";0x707;"";"05";"."
"791";"07:11:41.781.300";"     ";0x701;"";"Remote Frame (DLC=1)";""
"792";"07:11:41.781.700";"     ";0x701;"";"85";"?"
"793";"07:11:41.801.400";"     ";0x707;"";"Remote Frame (DLC=1)";""
"794";"07:11:41.801.800";"     ";0x707;"";"85";"?"
"795";"07:11:41.981.300";"     ";0x701;"";"Remote Frame (DLC=1)";""
"796";"07:11:41.981.600";"     ";0x701;"";"05";"."
"797";"07:11:42.001.300";"     ";0x707;"";"Remote Frame (DLC=1)";""
"798";"07:11:42.001.700";"     ";0x707;"";"05";"."
"799";"07:11:42.181.300";"     ";0x701;"";"Remote Frame (DLC=1)";""
"800";"07:11:42.181.800";"     ";0x701;"";"85";"?"
"801";"07:11:42.201.400";"     ";0x707;"";"Remote Frame (DLC=1)";""
"802";"07:11:42.201.700";"     ";0x707;"";"85";"?"
"803";"07:11:42.381.400";"     ";0x701;"";"Remote Frame (DLC=1)";""
"804";"07:11:42.381.700";"     ";0x701;"";"05";"."
"805";"07:11:42.401.300";"     ";0x707;"";"Remote Frame (DLC=1)";""
"806";"07:11:42.401.600";"     ";0x707;"";"05";"."
"807";"07:11:42.581.300";"     ";0x701;"";"Remote Frame (DLC=1)";""
"808";"07:11:42.581.700";"     ";0x701;"";"85";"?"
"809";"07:11:42.601.300";"     ";0x707;"";"Remote Frame (DLC=1)";""
"810";"07:11:42.601.600";"     ";0x707;"";"85";"?"
"811";"07:11:42.781.300";"     ";0x701;"";"Remote Frame (DLC=1)";""
"812";"07:11:42.781.700";"     ";0x701;"";"05";"."
"813";"07:11:42.801.300";"     ";0x707;"";"Remote Frame (DLC=1)";""
"814";"07:11:42.801.700";"     ";0x707;"";"05";"."
"815";"07:11:42.981.300";"     ";0x701;"";"Remote Frame (DLC=1)";""
"816";"07:11:42.981.800";"     ";0x701;"";"85";"?"
"817";"07:11:43.001.200";"     ";0x707;"";"Remote Frame (DLC=1)";""
"818";"07:11:43.001.600";"     ";0x707;"";"85";"?"
"819";"07:11:43.181.200";"     ";0x701;"";"Remote Frame (DLC=1)";""
"820";"07:11:43.181.700";"     ";0x701;"";"05";"."
"821";"07:11:43.201.200";"     ";0x707;"";"Remote Frame (DLC=1)";""
"822";"07:11:43.201.800";"     ";0x707;"";"05";"."
"823";"07:11:43.381.300";"     ";0x701;"";"Remote Frame (DLC=1)";""
"824";"07:11:43.381.800";"     ";0x701;"";"85";"?"
"825";"07:11:43.401.300";"     ";0x707;"";"Remote Frame (DLC=1)";""
"826";"07:11:43.401.700";"     ";0x707;"";"85";"?"
"827";"07:11:43.581.300";"     ";0x701;"";"Remote Frame (DLC=1)";""
"828";"07:11:43.581.700";"     ";0x701;"";"05";"."
"829";"07:11:43.601.200";"     ";0x707;"";"Remote Frame (DLC=1)";""
"830";"07:11:43.601.600";"     ";0x707;"";"05";"."
"831";"07:11:43.781.200";"     ";0x701;"";"Remote Frame (DLC=1)";""
"832";"07:11:43.781.800";"     ";0x701;"";"85";"?"
"833";"07:11:43.801.200";"     ";0x707;"";"Remote Frame (DLC=1)";""
"834";"07:11:43.801.600";"     ";0x707;"";"85";"?"
"835";"07:11:43.981.300";"     ";0x701;"";"Remote Frame (DLC=1)";""
"836";"07:11:43.981.700";"     ";0x701;"";"05";"."
"837";"07:11:44.001.200";"     ";0x707;"";"Remote Frame (DLC=1)";""
"838";"07:11:44.001.800";"     ";0x707;"";"05";"."
"839";"07:11:44.181.300";"     ";0x701;"";"Remote Frame (DLC=1)";""
"840";"07:11:44.181.700";"     ";0x701;"";"85";"?"
"841";"07:11:44.201.200";"     ";0x707;"";"Remote Frame (DLC=1)";""
"842";"07:11:44.201.600";"     ";0x707;"";"85";"?"
"843";"07:11:44.381.200";"     ";0x701;"";"Remote Frame (DLC=1)";""
"844";"07:11:44.381.600";"     ";0x701;"";"05";"."
"845";"07:11:44.401.200";"     ";0x707;"";"Remote Frame (DLC=1)";""
"846";"07:11:44.401.500";"     ";0x707;"";"05";"."
"847";"07:11:44.581.200";"     ";0x701;"";"Remote Frame (DLC=1)";""
"848";"07:11:44.581.600";"     ";0x701;"";"85";"?"
"849";"07:11:44.601.300";"     ";0x707;"";"Remote Frame (DLC=1)";""
"850";"07:11:44.601.600";"     ";0x707;"";"85";"?"
"851";"07:11:44.781.200";"     ";0x701;"";"Remote Frame (DLC=1)";""
"852";"07:11:44.781.600";"     ";0x701;"";"05";"."
"853";"07:11:44.801.200";"     ";0x707;"";"Remote Frame (DLC=1)";""
"854";"07:11:44.801.500";"     ";0x707;"";"05";"."
"855";"07:11:44.981.200";"     ";0x701;"";"Remote Frame (DLC=1)";""
"856";"07:11:44.981.600";"     ";0x701;"";"85";"?"
"857";"07:11:45.001.100";"     ";0x707;"";"Remote Frame (DLC=1)";""
"858";"07:11:45.001.500";"     ";0x707;"";"85";"?"
"859";"07:11:45.181.100";"     ";0x701;"";"Remote Frame (DLC=1)";""
"860";"07:11:45.181.700";"     ";0x701;"";"05";"."
"861";"07:11:45.201.200";"     ";0x707;"";"Remote Frame (DLC=1)";""
"862";"07:11:45.201.600";"     ";0x707;"";"05";"."
"863";"07:11:45.381.200";"     ";0x701;"";"Remote Frame (DLC=1)";""
"864";"07:11:45.381.700";"     ";0x701;"";"85";"?"
"865";"07:11:45.401.200";"     ";0x707;"";"Remote Frame (DLC=1)";""
"866";"07:11:45.401.500";"     ";0x707;"";"85";"?"
"867";"07:11:45.581.200";"     ";0x701;"";"Remote Frame (DLC=1)";""
"868";"07:11:45.581.700";"     ";0x701;"";"05";"."
"869";"07:11:45.601.100";"     ";0x707;"";"Remote Frame (DLC=1)";""
"870";"07:11:45.601.700";"     ";0x707;"";"05";"."
"871";"07:11:45.781.100";"     ";0x701;"";"Remote Frame (DLC=1)";""
"872";"07:11:45.781.700";"     ";0x701;"";"85";"?"
"873";"07:11:45.801.200";"     ";0x707;"";"Remote Frame (DLC=1)";""
"874";"07:11:45.801.600";"     ";0x707;"";"85";"?"
"875";"07:11:45.981.100";"     ";0x701;"";"Remote Frame (DLC=1)";""
"876";"07:11:45.981.600";"     ";0x701;"";"05";"."
"877";"07:11:46.001.000";"     ";0x707;"";"Remote Frame (DLC=1)";""
"878";"07:11:46.001.600";"     ";0x707;"";"05";"."
"879";"07:11:46.181.000";"     ";0x701;"";"Remote Frame (DLC=1)";""
"880";"07:11:46.181.600";"     ";0x701;"";"85";"?"
"881";"07:11:46.201.000";"     ";0x707;"";"Remote Frame (DLC=1)";""
"882";"07:11:46.201.500";"     ";0x707;"";"85";"?"
"883";"07:11:46.381.000";"     ";0x701;"";"Remote Frame (DLC=1)";""
"884";"07:11:46.381.500";"     ";0x701;"";"05";"."
"885";"07:11:46.401.000";"     ";0x707;"";"Remote Frame (DLC=1)";""
"886";"07:11:46.401.500";"     ";0x707;"";"05";"."
"887";"07:11:46.580.900";"     ";0x701;"";"Remote Frame (DLC=1)";""
"888";"07:11:46.581.400";"     ";0x701;"";"85";"?"
"889";"07:11:46.601.000";"     ";0x707;"";"Remote Frame (DLC=1)";""
"890";"07:11:46.601.400";"     ";0x707;"";"85";"?"
"891";"07:11:46.781.000";"     ";0x701;"";"Remote Frame (DLC=1)";""
"892";"07:11:46.781.500";"     ";0x701;"";"05";"."
"893";"07:11:46.801.000";"     ";0x707;"";"Remote Frame (DLC=1)";""
"894";"07:11:46.801.300";"     ";0x707;"";"05";"."
"895";"07:11:46.981.000";"     ";0x701;"";"Remote Frame (DLC=1)";""
"896";"07:11:46.981.500";"     ";0x701;"";"85";"?"
"897";"07:11:47.000.900";"     ";0x707;"";"Remote Frame (DLC=1)";""
"898";"07:11:47.001.300";"     ";0x707;"";"85";"?"
"899";"07:11:47.180.900";"     ";0x701;"";"Remote Frame (DLC=1)";""
"900";"07:11:47.181.400";"     ";0x701;"";"05";"."
"901";"07:11:47.200.900";"     ";0x707;"";"Remote Frame (DLC=1)";""
"902";"07:11:47.201.500";"     ";0x707;"";"05";"."
"903";"07:11:47.381.000";"     ";0x701;"";"Remote Frame (DLC=1)";""
"904";"07:11:47.381.400";"     ";0x701;"";"85";"?"
"905";"07:11:47.401.000";"     ";0x707;"";"Remote Frame (DLC=1)";""
"906";"07:11:47.401.300";"     ";0x707;"";"85";"?"
"907";"07:11:47.580.900";"     ";0x701;"";"Remote Frame (DLC=1)";""
"908";"07:11:47.581.400";"     ";0x701;"";"05";"."
"909";"07:11:47.600.900";"     ";0x707;"";"Remote Frame (DLC=1)";""
"910";"07:11:47.601.300";"     ";0x707;"";"05";"."
"911";"07:11:47.780.900";"     ";0x701;"";"Remote Frame (DLC=1)";""
"912";"07:11:47.781.400";"     ";0x701;"";"85";"?"
"913";"07:11:47.800.900";"     ";0x707;"";"Remote Frame (DLC=1)";""
"914";"07:11:47.801.300";"     ";0x707;"";"85";"?"
"915";"07:11:47.981.000";"     ";0x701;"";"Remote Frame (DLC=1)";""
"916";"07:11:47.981.300";"     ";0x701;"";"05";"."
"917";"07:11:48.000.900";"     ";0x707;"";"Remote Frame (DLC=1)";""
"918";"07:11:48.001.300";"     ";0x707;"";"05";"."
"919";"07:11:48.181.000";"     ";0x701;"";"Remote Frame (DLC=1)";""
"920";"07:11:48.181.300";"     ";0x701;"";"85";"?"
"921";"07:11:48.201.000";"     ";0x707;"";"Remote Frame (DLC=1)";""
"922";"07:11:48.201.300";"     ";0x707;"";"85";"?"
"923";"07:11:48.380.900";"     ";0x701;"";"Remote Frame (DLC=1)";""
"924";"07:11:48.381.400";"     ";0x701;"";"05";"."
"925";"07:11:48.400.900";"     ";0x707;"";"Remote Frame (DLC=1)";""
"926";"07:11:48.401.200";"     ";0x707;"";"05";"."
"927";"07:11:48.580.900";"     ";0x701;"";"Remote Frame (DLC=1)";""
"928";"07:11:48.581.400";"     ";0x701;"";"85";"?"
"929";"07:11:48.600.900";"     ";0x707;"";"Remote Frame (DLC=1)";""
"930";"07:11:48.601.200";"     ";0x707;"";"85";"?"
"931";"07:11:48.780.900";"     ";0x701;"";"Remote Frame (DLC=1)";""
"932";"07:11:48.781.300";"     ";0x701;"";"05";"."
"933";"07:11:48.800.900";"     ";0x707;"";"Remote Frame (DLC=1)";""
"934";"07:11:48.801.200";"     ";0x707;"";"05";"."
"935";"07:11:48.980.800";"     ";0x701;"";"Remote Frame (DLC=1)";""
"936";"07:11:48.981.300";"     ";0x701;"";"85";"?"
"937";"07:11:49.000.800";"     ";0x707;"";"Remote Frame (DLC=1)";""
"938";"07:11:49.001.200";"     ";0x707;"";"85";"?"
"939";"07:11:49.180.800";"     ";0x701;"";"Remote Frame (DLC=1)";""
"940";"07:11:49.181.400";"     ";0x701;"";"05";"."
"941";"07:11:49.200.800";"     ";0x707;"";"Remote Frame (DLC=1)";""
"942";"07:11:49.201.200";"     ";0x707;"";"05";"."
"943";"07:11:49.380.900";"     ";0x701;"";"Remote Frame (DLC=1)";""
"944";"07:11:49.381.400";"     ";0x701;"";"85";"?"
"945";"07:11:49.400.900";"     ";0x707;"";"Remote Frame (DLC=1)";""
"946";"07:11:49.401.300";"     ";0x707;"";"85";"?"
"947";"07:11:49.580.900";"     ";0x701;"";"Remote Frame (DLC=1)";""
"948";"07:11:49.581.400";"     ";0x701;"";"05";"."
"949";"07:11:49.600.800";"     ";0x707;"";"Remote Frame (DLC=1)";""
"950";"07:11:49.601.300";"     ";0x707;"";"05";"."
"951";"07:11:49.780.800";"     ";0x701;"";"Remote Frame (DLC=1)";""
"952";"07:11:49.781.500";"     ";0x701;"";"85";"?"
"953";"07:11:49.800.800";"     ";0x707;"";"Remote Frame (DLC=1)";""
"954";"07:11:49.801.100";"     ";0x707;"";"85";"?"
"955";"07:11:49.980.800";"     ";0x701;"";"Remote Frame (DLC=1)";""
"956";"07:11:49.981.500";"     ";0x701;"";"05";"."
"957";"07:11:50.000.800";"     ";0x707;"";"Remote Frame (DLC=1)";""
"958";"07:11:50.001.200";"     ";0x707;"";"05";"."
"959";"07:11:50.180.800";"     ";0x701;"";"Remote Frame (DLC=1)";""
"960";"07:11:50.181.600";"     ";0x701;"";"85";"?"
"961";"07:11:50.200.800";"     ";0x707;"";"Remote Frame (DLC=1)";""
"962";"07:11:50.201.200";"     ";0x707;"";"85";"?"
"963";"07:11:50.380.800";"     ";0x701;"";"Remote Frame (DLC=1)";""
"964";"07:11:50.381.500";"     ";0x701;"";"05";"."
"965";"07:11:50.400.800";"     ";0x707;"";"Remote Frame (DLC=1)";""
"966";"07:11:50.401.100";"     ";0x707;"";"05";"."
"967";"07:11:50.580.700";"     ";0x701;"";"Remote Frame (DLC=1)";""
"968";"07:11:50.581.500";"     ";0x701;"";"85";"?"
"969";"07:11:50.600.700";"     ";0x707;"";"Remote Frame (DLC=1)";""
"970";"07:11:50.601.100";"     ";0x707;"";"85";"?"
"971";"07:11:50.780.700";"     ";0x701;"";"Remote Frame (DLC=1)";""
"972";"07:11:50.781.500";"     ";0x701;"";"05";"."
"973";"07:11:50.800.700";"     ";0x707;"";"Remote Frame (DLC=1)";""
"974";"07:11:50.801.100";"     ";0x707;"";"05";"."
"975";"07:11:50.980.800";"     ";0x701;"";"Remote Frame (DLC=1)";""
"976";"07:11:50.981.600";"     ";0x701;"";"85";"?"
"977";"07:11:51.000.800";"     ";0x707;"";"Remote Frame (DLC=1)";""
"978";"07:11:51.001.200";"     ";0x707;"";"85";"?"
"979";"07:11:51.180.700";"     ";0x701;"";"Remote Frame (DLC=1)";""
"980";"07:11:51.181.600";"     ";0x701;"";"05";"."
"981";"07:11:51.200.700";"     ";0x707;"";"Remote Frame (DLC=1)";""
"982";"07:11:51.201.100";"     ";0x707;"";"05";"."
"983";"07:11:51.380.700";"     ";0x701;"";"Remote Frame (DLC=1)";""
"984";"07:11:51.381.600";"     ";0x701;"";"85";"?"
"985";"07:11:51.400.700";"     ";0x707;"";"Remote Frame (DLC=1)";""
"986";"07:11:51.401.100";"     ";0x707;"";"85";"?"
"987";"07:11:51.580.800";"     ";0x701;"";"Remote Frame (DLC=1)";""
"988";"07:11:51.581.600";"     ";0x701;"";"05";"."
"989";"07:11:51.600.700";"     ";0x707;"";"Remote Frame (DLC=1)";""
"990";"07:11:51.601.100";"     ";0x707;"";"05";"."
"991";"07:11:51.780.700";"     ";0x701;"";"Remote Frame (DLC=1)";""
"992";"07:11:51.781.000";"     ";0x701;"";"85";"?"
"993";"07:11:51.800.700";"     ";0x707;"";"Remote Frame (DLC=1)";""
"994";"07:11:51.801.100";"     ";0x707;"";"85";"?"
"995";"07:11:51.980.700";"     ";0x701;"";"Remote Frame (DLC=1)";""
"996";"07:11:51.981.500";"     ";0x701;"";"05";"."
"997";"07:11:52.000.700";"     ";0x707;"";"Remote Frame (DLC=1)";""
"998";"07:11:52.001.000";"     ";0x707;"";"05";"."
"999";"07:11:52.180.800";"     ";0x701;"";"Remote Frame (DLC=1)";""
"1.000";"07:11:52.181.500";"     ";0x701;"";"85";"?"
"1.001";"07:11:52.200.700";"     ";0x707;"";"Remote Frame (DLC=1)";""
